Label,Species,Infected_Status,Risk,ID,Phys_Growth_rate_mean_mm_per_year,Phys_Growth_form,Phys_Repo,Phys_Life_history,days_to_infection,perc_lost_hour,Bac_nautella_italica,Bac_thalassobius_mediterraneus,Bac_pseudoalteromonas_sp,Bac_arthrobacter_ramosus,Bac_pseudomonas_veronii,Bac_endozoicomonas_sp,AntOx_RED660,AntOx_Catalase,AntOx_Prophenyloxidase,AntOx_POX,AntBac_Vibrio_gentimepermgprot,Q95029,Q3SZQ6,Q5ZL16,Q80W94,C9JTQ0,Q8N6G6,P34897,Q28HC7,Q5JU00,Q08CD5,P21670,Q1LU86,Q96P65,B0G143,Q6IND7,Q5ZJA9,Q5R5D8,Q7Z494,A3KP77,Q9JLI8,P11029,A7SE05,Q04336,Q5S1U6,Q5JVL4,Q9BV90,O16025,Q2HJ56,Q8K3Z0,Q91447,Q460N5,Q9CZB9,P38024,Q9SY73,Q9R080,Q6DG99,Q0EEE2,O73792,Q9NXG6,P61357,Q3KQ77,Q01890,K0E4E1,A7SDW5,Q9NQX0,Q5ZID0,A7SFB5,O73874,C3YWU0,Q99578
Cnat_71,Cnat,Control,0.65,71,6.208,massive,spawner,stress_tolerant,0,0,0.32501108,0.07386616,0.01477323,7.80026592,0.20682523,0,0.148854962,74.94929395,0.556882591,1.005525227,5.25,8.403051922,15.56757761,2.313822846,10.67084491,2.12188457,12.63886024,3.15692251,12.89615789,2.174352337,10.83165044,3.602638691,5.237927617,1.69347051,2.003082378,10.94361431,2.478008839,9.589061935,8.063714807,2.558553716,10.50290681,2.194334979,2.4596118,2.075984541,8.70315843,2.094422015,2.613655481,4.456755393,2.020935821,1.794139489,2.504788188,1.662362693,3.01852883,13.34916427,9.589796651,8.367476514,7.769110071,5.198008791,9.447579488,3.973596082,15.94076385,3.097336723,6.509145973,9.373937539,7.476303744,5.508812171,3.061176416,1.984323808,3.525771287,2.41818278,2.457609166
Cnat_72,Cnat,Infected,0.75,72,6.208,massive,spawner,stress_tolerant,6,0.39,2.039532794,10.94339623,33.85444744,0.835579515,0.161725067,0,0.04389313,284.3451087,2.008466819,8.583899018,120.66,7.891896609,16.69554181,2.766117423,8.62154833,5.737506635,12.60221237,2.534616048,12.91812365,1.396662403,9.911432394,4.570195002,1.241521918,0.88433487,1.232773644,9.418005508,1.72299503,6.645851342,5.730556795,1.848018393,8.700687722,1.433426912,1.673620583,1.29395564,8.836374303,1.324295171,1.871921131,3.856107822,1.254061256,1.036427592,1.760043664,0.827350234,2.335992773,10.92757278,8.561551078,9.835556922,4.766104899,4.605226702,8.123143474,3.395975961,14.53212611,2.416284105,4.179681821,8.095361542,5.469627796,7.61110726,2.423836055,1.242062081,1.292790321,6.281610185,1.716791193
Cnat_73,Cnat,Control,0.65,73,6.208,massive,spawner,stress_tolerant,0,0,0.584788795,0.339266782,0.049104403,51.73260421,1.13051727,0,0.229961832,47.21924564,0.698056344,1.660864677,5.13,7.036064905,10.19146152,6.345198531,1.389722959,6.182119082,5.67857352,10.36400349,3.057183706,9.248999725,2.442786777,11.4927579,8.419807191,5.99449606,7.963359764,2.360579347,9.058087397,1.85803657,1.934465351,7.921928046,2.065090055,6.577182842,5.519129479,7.509010839,6.90644851,6.552215034,7.253878018,9.205809834,9.216034616,7.147868128,10.44641345,4.307032325,7.906345349,5.792652071,2.22683497,3.532836347,1.634342209,8.593397363,2.06919433,7.420386577,9.755488562,9.200114227,6.155107423,1.635775906,2.260880647,1.603320335,10.3658354,1.876517064,6.345530339,6.683065471,9.894453377
Cnat_74,Cnat,Infected,0.75,74,6.208,massive,spawner,stress_tolerant,2,1.39,0.333076896,0.212434871,0.05769836,51.36640207,0.376787775,0,0.086832061,57.18894833,2.454829381,1.099638426,20.47,,,,,,,,,,,,,,,,,,,,,,,,,,,,,,,,,,,,,,,,,,,,,,,,,,
Cnat_75,Cnat,Control,0.65,75,6.208,massive,spawner,stress_tolerant,0,0,2.529343344,1.330231574,0.750766628,2.584329068,0.164957175,0.008459342,0.029580153,247.3391269,2.446519525,3.140728408,94.44,7.464992519,14.49013411,3.24108085,9.609468217,1.773391228,12.04762056,7.882862621,10.89394344,1.804486608,10.78237406,3.340673027,1.624709887,1.269432402,1.638952006,9.85344946,2.113451956,9.32636373,9.217018487,2.212404822,9.955201712,1.83348448,2.086194491,5.934434702,7.928472871,1.730036645,2.253123226,3.977190193,1.657309531,1.415502198,2.143668081,1.233404608,2.681373251,11.14191338,8.831636231,10.71189521,9.258149482,3.976266601,8.047454305,3.489706483,14.10015107,2.762097863,5.980794992,9.725515392,2.004476648,7.022504417,2.744483743,1.63303135,3.070952635,7.784785715,4.388624546
Cnat_76,Cnat,Infected,0.75,76,6.208,massive,spawner,stress_tolerant,5,1.82,23.27782647,7.774679308,0.900326667,3.163094574,0.106764401,0,0.182251908,48.31817394,0.375420226,1.571734504,5.34,8.990372198,9.263821737,8.546039997,1.695243658,7.697077237,2.28397125,8.641020155,3.259325335,9.349913994,6.397834892,10.72041403,9.456589977,7.443272025,9.106646834,2.621450673,8.70007531,2.115904042,2.192016623,8.30115343,2.324764112,7.898516848,8.954721497,8.782763941,8.824350459,7.918414435,9.485397809,9.300368852,9.112941309,7.12093024,10.58725752,6.821045559,9.455505777,5.826112997,2.481687012,5.316742841,1.941306198,7.658248702,2.326123875,5.834747107,7.094218179,9.203981477,7.767097561,1.944106048,6.957475573,1.905626023,10.66496149,7.257538603,2.167303656,5.388523341,10.51499915
Cnat_77,Cnat,Control,0.65,77,6.208,massive,spawner,stress_tolerant,0,0,0.295522309,0.217683844,0.063326209,0.857542415,0.257262725,0,0.105916031,70.6395142,2.273399716,7.017122929,43.86,6.868894109,10.63721218,4.108753225,5.945254273,6.080917966,6.911107938,8.215922826,7.013591833,7.361734679,8.42596237,8.595900957,6.850264818,4.218355835,6.874336488,6.249739854,7.573767559,6.310664112,1.863678173,4.98919773,7.188592364,5.076960411,8.532338215,8.479502122,8.354525345,5.038743374,8.916719047,4.639063727,7.515240918,6.637919272,8.053340135,3.026945494,7.930180293,7.77432157,4.56892578,9.422724948,4.621784053,7.026125046,1.999362385,6.438953104,10.34563902,7.142599305,5.394855218,7.265774309,6.305380444,6.484674352,9.287895285,4.390027107,3.29681742,7.813601995,7.818091478
Cnat_78,Cnat,Infected,0.75,78,6.208,massive,spawner,stress_tolerant,5,0.12,9.89382526,3.7546711,0.69399134,3.67756095,0.30250905,0,0.125,31.25165024,1.336842105,6.172903226,30.04,7.882193725,9.774644117,7.058542672,1.355964508,7.188990922,2.013984664,10.12557272,3.035781142,9.215726202,2.414660159,11.18740964,10.01304115,5.451289537,7.392397863,2.331929216,9.260670357,1.830069595,1.905895153,7.256900035,2.036410773,5.349091107,7.160418162,8.168847724,8.07599209,6.154703003,10.00221208,9.455444032,8.853050535,6.813836676,9.611057113,7.772569829,7.96071693,6.127955242,2.198874408,2.114709009,1.600424281,7.837207721,2.040962269,7.474665923,7.06689531,9.728589911,6.006450138,1.601707025,6.620793516,1.569917125,9.247497511,5.033723007,1.889709853,6.183131276,10.44525607
Cnat_79,Cnat,Control,0.65,79,6.208,massive,spawner,stress_tolerant,0,0,0.163548307,0.066801421,0.051828689,0.067377296,0.001151749,0.126116476,0.573473282,8.543768787,0.578194238,0.157500939,0.64,9.12767861,9.482320402,7.728551831,1.546004664,5.716996548,2.165295633,10.64867055,3.158774378,9.408653206,2.573769605,10.14435409,1.996731614,7.71050029,8.32891048,2.493726534,9.35160275,1.987241735,2.066459895,6.731132993,2.197938535,7.674266159,8.241521425,9.235516067,7.077817568,6.162269088,6.866692394,7.34288736,9.376658865,7.155301588,5.252167796,7.78993868,9.173161963,4.234070579,7.282019631,6.352465376,1.791362194,2.477954245,2.200372522,5.653348845,7.081174211,9.541783987,2.013299779,1.793494713,6.277021003,1.757957479,11.75474152,7.825806719,9.30093755,7.32673807,9.594821415
Cnat_80,Cnat,Exposed,0.7,80,6.208,massive,spawner,stress_tolerant,0,0,4.343111809,3.049655078,0.14770166,0.09135305,0.005976368,0.14770166,0.239503817,31.7918908,1.038330887,1.217571006,4.71,9.464263155,10.20487702,7.78442252,1.684159905,7.174324056,2.275164835,10.39567644,3.251748074,10.64947487,2.690403236,11.23192936,2.110047468,6.247281498,9.241371661,2.611951159,9.561580533,2.104844367,2.182710423,7.205559579,2.315350524,8.152273166,8.993547497,9.625664212,7.582984156,8.28019692,6.54110512,9.655730054,9.168556318,1.954549565,5.091027806,8.137500876,9.777530794,4.284872323,7.744624578,4.529799996,1.930170086,2.595210711,5.266527788,5.821257179,8.272746344,9.7460349,2.128407624,1.932920374,2.513975406,4.682041647,11.54405089,8.120225889,8.340070797,6.582581384,9.861861951
Mcav_81,Mcav,Control,0,81,4.541,massive,spawner,stress_tolerant,0,0,0.016298211,0.008149105,0.002328316,43.88991723,0.034924737,0.303845214,0.129770992,11.73494793,9.074690402,0,34.96,4.828890878,12.34355796,6.207327451,-0.568948657,5.550855464,4.234928057,8.199347919,8.042184029,5.974815305,7.84482702,7.475019514,7.081836613,4.384595592,4.834455513,7.181510953,6.650625805,4.360027884,7.254397195,7.198414725,7.587292396,6.138101082,7.851650091,5.176161827,8.45204205,6.40445008,8.466069338,2.298569412,1.615628916,3.457894345,8.565626763,6.461319373,8.571783961,8.739200149,7.317860619,8.930607823,5.571570303,6.719842462,8.631859563,3.682773436,14.90456644,8.155997724,7.046035948,6.254215544,7.586105532,4.97457503,7.172620036,6.699741156,7.52435325,7.436712806,8.035491607
Mcav_82,Mcav,Exposed,0.05,82,4.541,massive,spawner,stress_tolerant,0,0,0.00236253,0.005906326,0.001181265,32.81436418,0.126395369,0.284684898,0.153625954,11.85220234,6.50075188,0,21.16,5.257862912,12.45180469,6.245659476,4.992679565,6.029982182,5.066945961,7.246193644,7.690178211,6.193859693,7.063864719,7.91195346,6.145760863,5.189522483,4.204293241,8.114862858,6.797248917,4.885159244,6.866575446,6.836157538,7.171859557,4.363840367,8.20756463,9.55433397,9.086659173,7.595150009,7.923733607,7.971948856,0.835022741,4.479522013,8.158811338,2.373716253,8.666144259,8.061891315,6.879679588,8.702181658,1.828769788,7.09171156,8.868174692,1.784549425,13.00685651,8.883144943,6.796492166,9.8989481,7.462436611,2.074012821,6.721407936,5.735439871,6.556232354,7.145611941,6.151261696
Mcav_83,Mcav,Control,0,83,4.541,massive,spawner,stress_tolerant,0,0,0.012811795,0.008869704,0.008869704,14.24967231,0.011826272,0.18823483,0.148854962,2.446416123,4.225236167,0.334349521,15.32,8.784648589,12.19898167,6.432850358,3.728314791,5.473420046,3.664280693,7.993338535,7.277135425,5.56966308,7.34420985,7.525192759,6.145208392,1.954447078,3.921981551,7.040791091,7.36974021,6.196640985,6.928177982,6.821458961,7.43327064,4.729194513,7.948229579,2.164020584,8.27499343,6.490543091,7.857261775,4.071585725,5.538349194,2.265427652,8.065268085,6.315748717,8.327838771,8.685040549,7.146058567,7.325670809,5.334299877,6.215154626,6.348324681,3.606214344,13.45256327,7.233219229,6.766261074,6.390172523,7.579622655,2.861062762,7.752331283,6.888680392,6.953744789,5.954076786,7.262292746
Mcav_84,Mcav,Exposed,0.05,84,4.541,massive,spawner,stress_tolerant,0,0,0.005565821,0.003339493,0.002226329,34.65503039,0.307233341,0.260480442,0.320610687,9.809493221,4.489786967,0,7,7.811655979,12.23553873,6.330732702,4.668902068,5.417804644,6.15057993,8.431986295,8.415975175,6.166898368,6.986590874,8.261506504,6.625624189,4.81722874,2.941206714,7.576712018,7.283916768,5.49681454,6.277633978,6.985018023,7.105462965,4.732048237,8.181391413,8.696282677,8.741961734,7.673299467,7.957393159,7.445479658,5.865042064,4.908921928,8.746486492,4.37869069,8.129533047,9.50488794,7.0875365,7.589192613,3.623768723,7.023614732,6.870242124,5.182637585,12.98478752,7.985635295,6.55597538,9.183978731,8.283910169,4.221968716,6.379264671,6.373123037,6.923643965,7.817406388,6.595218612
Mcav_85,Mcav,Control,0,85,4.541,massive,spawner,stress_tolerant,0,0,0.004195922,0.002797281,0.002797281,43.39981538,0.193012392,0.239167529,0.201335878,2.959731354,4.862259915,0.109865246,12.35,7.982467363,12.21243942,6.050921144,4.092757951,4.820798349,5.304884111,8.07630773,7.016400838,6.164151441,6.547963085,7.817285036,6.280876761,3.686066692,3.572227107,6.096647169,7.006156613,4.8074388,6.615108435,6.911524623,7.320486419,5.852064495,8.314214468,6.660316959,8.092803164,6.847206705,7.307307782,5.377888303,2.098145402,2.121538349,8.414929557,4.952165044,7.783138221,9.343685215,6.839087529,7.714042983,4.621192064,6.819499728,8.112858714,4.424013191,12.3293607,7.564873221,6.767967347,9.709981896,8.024692346,2.710862344,7.136714874,6.731673606,7.046229077,7.450592546,7.534701137
Mcav_86,Mcav,Exposed,0.05,86,4.541,massive,spawner,stress_tolerant,0,0,0.009549502,0.004774751,0.002387376,42.29832645,0.106238212,0.244705995,0.20610687,3.694335459,4.40497076,0.169926609,11.1,7.129107067,12.26855869,6.098501572,1.353171884,5.748513448,1.042141086,7.899598056,6.908700973,6.308056736,6.836958655,8.010197251,6.089106564,3.760343821,3.638774995,7.56037493,6.298400188,5.98148423,5.900669008,7.064123581,7.239242704,4.012037625,6.715420944,6.889113297,9.201806124,7.679011982,7.001724914,6.526138795,0.831859474,1.610755844,7.541623278,5.397888374,8.94808901,8.916207166,7.080138557,6.303101264,1.145444142,6.967109067,7.620177197,3.833241302,13.00709601,8.073513715,6.632351378,9.615127757,7.596852153,-0.407241126,6.931749547,6.467733023,6.186851751,7.272195689,7.026810651
Mcav_87,Mcav,Control,0,87,4.541,massive,spawner,stress_tolerant,0,0,0.003557622,0.008301117,0.002371748,50.07945355,0.039133838,0.179066954,0.549618321,4.698230964,2.030116959,0.033538146,1.88,8.353725968,12.79076212,4.887414477,2.481578957,5.942766658,5.22549277,8.608800833,8.103744246,5.865962018,6.958406235,8.26318166,6.411954476,1.850630969,4.252511482,7.19452632,7.21008516,5.239639097,6.743229754,7.262443554,7.663736554,6.747104814,7.924276817,7.532872799,8.720402509,6.846097363,8.330385383,4.90981704,7.010325844,3.715417084,8.522748445,6.55847597,8.275923839,9.377572078,6.982168335,8.07772036,1.345098661,6.517779696,4.388559225,2.017543162,13.18589814,8.332818872,6.732788346,6.684099551,8.234828775,4.764357202,7.519447384,7.13032329,7.10943098,7.653790917,6.934182849
Mcav_88,Mcav,Exposed,0.05,88,4.541,massive,spawner,stress_tolerant,0,0,0.008237911,0.004118955,0.001372985,67.62363731,0.005491941,0.182607024,0.258587786,6.273198539,3.958749272,0,7.65,7.359193283,12.89527811,5.763316365,2.087079972,6.465961872,5.238581843,7.897994007,7.533194904,5.972578446,7.061912568,8.303194083,5.863574666,1.633378208,4.421237819,8.028198116,6.489416822,5.010963858,6.793481719,6.917556614,7.914739204,6.864636609,7.580937576,7.549378643,9.681510031,7.243510984,7.725660801,6.907536907,6.566317897,5.390821724,8.019500199,5.380007223,8.469815505,9.052190876,6.548512977,7.754425959,-0.633291845,6.888644344,5.346132747,0.947955633,13.20340099,8.338080491,6.559811157,7.582400248,7.79964562,2.525218307,7.415368255,6.344403544,6.453747083,6.310616204,6.148763551
Mcav_89,Mcav,Control,0,89,4.541,massive,spawner,stress_tolerant,0,0,0.008484283,0.007070236,0.002828094,65.45765636,1.225978874,0.253114439,0.22519084,3.822289597,4.347190009,0.499320472,10.76,10.90661137,12.05186418,6.661305801,4.744062045,3.225647543,6.08697827,8.137722393,7.514575238,6.329142874,7.06700782,8.7228361,6.14686598,4.335091154,3.155314956,6.822173547,7.384746566,-0.244696051,6.860343761,7.010022428,6.176239113,7.265442145,8.143801262,4.584163679,7.542369562,7.39479651,8.281753829,5.524537472,6.756724725,3.274894008,8.390029584,4.930370549,8.080034428,8.76516497,6.895114553,8.036566943,5.608293769,6.834826554,8.469401354,2.023248188,12.551542,8.01497538,6.877743858,3.50220593,7.787836976,0.469686606,6.705647118,6.425389918,6.661780042,7.850979965,8.945496171
Mcav_90,Mcav,Exposed,0.05,90,4.541,massive,spawner,stress_tolerant,0,0,0.00450999,0.00300666,0,69.16219426,0.263082728,0.223996151,0.368320611,6.471536951,4.304745023,0.040037248,5.9,7.003572102,12.1591276,5.930943611,3.652241888,4.376671425,5.729673467,7.972268096,7.60618161,6.290588816,6.328350267,8.559292073,5.858509753,4.553003603,3.426840896,7.614273905,6.82480763,4.815258564,6.566770411,7.021550814,6.780194679,6.00913172,7.820372124,7.274267543,7.890753236,7.40938372,7.8385988,6.316415092,6.420742294,2.540985436,8.412971356,2.603820334,7.788143062,9.059033854,6.734605144,7.710291835,2.995093213,6.841925747,8.197452802,2.81331447,12.57432093,8.285691137,6.509348423,9.063371466,7.566188386,3.820948277,7.270271896,6.318241058,6.569748955,7.372137832,6.777841994
Oann_91,Oann,Control,0.65,91,5.765,massive,spawner,stress_tolerant,0,0,0.136248881,0.102854548,0.045416294,35.86685011,0.606441099,0,0.282442748,22.97347032,0.703449502,2.101482127,4.97,10.02673302,13.51840141,6.180741216,4.147727383,5.718651824,5.706957122,7.764409045,7.719237149,5.565064943,6.935718376,8.242765884,3.930499365,5.216356427,6.982098438,6.337974533,6.593851152,5.946472105,9.162216383,6.872001684,5.678046927,7.800212042,6.882752151,6.950893984,7.791028093,5.189600443,8.27572929,4.3549686,7.413225662,5.706089698,7.314077906,7.003668409,8.252052295,8.81668803,6.987350652,6.989130996,8.510280464,6.326304425,4.654112264,4.781395846,12.38854494,8.785914064,3.819428853,1.928335467,6.946148041,2.88136647,8.440001368,6.092986548,5.86338682,6.970475788,6.281364669
Oann_92,Oann,Infected,0.75,92,5.765,massive,spawner,stress_tolerant,5,7.21,0.116986961,0.093135251,0.040888647,50.64967516,3.915087911,0,0.411259542,14.24814216,0.265551349,1.003996707,1.54,7.219890719,13.45686171,6.459832457,4.559302055,4.344649159,5.788446482,8.46587725,7.525200638,5.434255202,6.744924132,8.57280276,4.413623919,4.58598523,5.609576401,6.867454122,6.585897525,7.325325759,-0.640078639,7.077930552,2.936530121,6.508636817,6.523192999,5.499372251,8.831013273,5.505674463,8.038056022,7.250062775,6.038336803,5.026943407,6.516648021,5.615564505,9.086214154,7.778566566,6.550908409,7.347286401,7.598482335,5.910462929,5.89046075,-0.998613124,12.3170003,9.474935578,4.5068342,6.442556779,6.444793154,6.385120835,6.338400748,6.080957895,4.547499758,2.93135616,5.834781295
Oann_93,Oann,Control,0.65,93,5.765,massive,spawner,stress_tolerant,0,0,0.152585185,0.123717717,0.071137688,43.55276045,0.281457807,0,0.707061069,10.81573444,0.381490163,1.270137129,1.17,8.894668783,11.80957657,7.223488284,2.199975179,6.031853968,7.028046982,7.543147071,8.284731746,6.146356512,7.628798637,8.828152239,6.260763551,5.971929719,7.023204241,6.528895154,7.000141513,3.343194233,6.244316136,7.032924087,6.931722798,7.844668514,6.757196854,6.887349323,8.617864914,4.949993807,8.330770993,5.817523438,7.741647185,6.742075579,7.1751825,2.128445205,8.474064264,9.0790597,5.998852867,7.328347122,3.880797217,6.014607903,4.068058614,6.218133567,12.52167128,8.887849748,4.93006176,1.448847157,7.562773954,5.939890187,7.941268523,6.123947722,6.429428856,8.354720158,6.372575018
Oann_94,Oann,Infected,0.75,94,5.765,massive,spawner,stress_tolerant,5,5.15,0.154342974,0.116350857,0.068860711,53.17827801,2.943201786,0,0.945610687,-7.00194322,0.46196824,0.611313434,0.57,7.586666667,11.98115285,6.873040745,1.78327157,5.516441207,5.496259672,7.781834174,7.904237929,5.989931412,7.417476599,8.825344969,5.721913795,4.404815855,6.594995778,6.68689685,6.768761264,5.068538862,6.948038887,7.452493377,3.187163565,6.943464203,7.132612066,6.379107435,8.578422528,5.358656518,7.944645566,6.61378583,7.717297821,6.595497551,7.013754364,-0.816349496,8.9261155,8.680648572,6.037283417,6.855626066,3.052539575,6.035347226,3.770858403,1.202451653,12.62397066,9.19162807,4.51545847,0.282804392,7.103088047,5.735206464,6.600473114,6.307362838,5.133225455,7.263044124,5.991432925
Oann_95,Oann,Control,0.65,95,5.765,massive,spawner,stress_tolerant,0,0,0.008384514,0.002096128,0,58.10468065,1.794285954,0.27040057,0.282442748,24.49722091,0.801280228,1.626364429,4.3,10.7302299,13.14093027,7.175599429,3.946287548,5.927773774,5.791701279,7.792726747,7.475210196,5.559459559,6.716069432,8.234687333,4.837055198,4.087064791,5.553486261,6.277604446,6.583485884,6.539749044,7.966427107,6.651148392,5.062956997,7.30444443,6.995736456,6.564940459,7.884890525,5.6363566,8.002244662,5.544170623,5.251942254,5.460264255,7.438925264,6.833158737,8.061581534,8.60922698,7.087815816,6.562145742,8.912582793,6.663793441,4.261454606,6.03992551,12.06850247,8.543507677,4.865254646,3.62366791,7.169998704,5.548850986,8.228326259,5.914401406,6.182277598,5.328261311,5.892378648
Oann_96,Oann,Infected,0.75,96,5.765,massive,spawner,stress_tolerant,5,3.03,1.082411785,0.478683912,0.007815248,60.84170216,0.867492478,0.24813411,0.201335878,61.66106988,0.627388376,1.358666871,4.93,5.08535636,12.98002573,5.502054145,4.244498158,4.619072267,5.136056576,8.773719344,6.552013441,6.04106286,6.418183472,8.667044222,4.24380395,2.515901966,4.128956884,6.990555739,5.857400944,6.871355324,-0.338320945,6.507678726,4.390342886,6.439128135,6.506514721,5.302314177,9.3697675,5.825911363,7.759448723,7.274120886,3.070288102,4.372609232,6.371694137,5.636404218,9.277487515,7.736049367,6.650659805,6.635936088,7.230483604,6.078193329,5.084225487,-0.708168596,12.19722325,9.673228065,4.619870211,5.549847156,6.392082739,7.181690822,5.450145931,6.449950674,4.628006288,1.990618047,5.679143952
Oann_97,Oann,Control,0.65,97,5.765,massive,spawner,stress_tolerant,0,0,0.006017209,0.008022946,0.002005736,52.51419059,1.147281224,0.222636741,0.382633588,20.67834476,0.343877149,2.407761242,3.6,10.61470788,13.11803032,6.46871677,3.904466168,5.791644987,5.787035792,8.244575328,7.582053193,5.619770668,7.083736623,8.561035443,4.135214992,6.33587332,6.393889231,6.630767348,6.756894363,7.363954691,9.00216019,7.079074362,4.279928046,7.795428283,6.650996109,6.157399351,8.514803566,5.348056417,8.167727565,6.687601632,6.047352734,5.473207252,7.02399355,7.044870546,8.622225173,8.311247626,6.714811947,7.652640353,8.196915153,6.353363173,6.770485854,3.800529044,12.25819157,9.168693737,4.587953309,6.226912581,6.86045768,6.878161889,7.667121972,6.032026559,5.334769041,6.211404277,5.858756385
Oann_98,Oann,Exposed,0.7,98,5.765,massive,spawner,stress_tolerant,0,0,2.027174308,1.110223062,0.749836518,32.38974061,1.111676233,0.158395699,0.358778626,20.85368637,0.619792833,2.186630062,3.91,9.846747114,13.07702324,6.344233746,5.523106547,5.9880408,6.916827469,8.411765485,8.067382769,5.967052267,6.608977938,8.529132345,5.099396457,6.737185433,7.02607062,6.694899367,6.916830459,7.059982736,3.678612366,7.519528081,6.396754703,7.545187425,6.424330937,6.21855944,8.399095829,5.465697459,8.320581318,6.008425791,6.216487081,6.551631083,6.934997388,7.387333419,8.197050737,8.632146801,6.780463791,7.861337131,6.580383158,6.039048724,5.933411539,3.988270411,11.96510369,9.101057462,3.889969757,6.482914313,6.635571489,5.422238983,7.922892523,6.004615454,5.054104191,6.649049547,5.278267063
Ofav_99,Ofav,Control,0.95,99,8.745,massive,spawner,generalist,0,0,0.058532778,0.019510926,0.006503642,2.659989594,0.052029136,0.110561915,0.697519084,8.780446376,0.247116423,0.606758749,0.61,8.936466856,12.82847147,6.389551264,2.857436414,6.463937024,7.487981591,8.851935306,7.647372999,5.838293552,7.469658962,8.506802802,5.194050549,5.405314215,6.418608429,6.838360286,6.505578648,5.363059612,6.533775312,7.200778117,6.577379275,6.803947415,7.511646469,4.219413249,8.658208432,5.790480954,7.485026029,7.411423752,5.087627415,5.284210387,6.862532685,8.356324796,7.725313733,9.220627881,6.487415192,-0.239953678,8.649171254,6.848014815,6.606654822,4.523533232,12.24599219,7.928330042,4.64959111,4.652254078,7.414132679,7.009993265,7.438986803,5.85005788,5.736691693,9.670115891,6.386691168
Ofav_100,Ofav,Infected,1,100,8.745,massive,spawner,generalist,6,1.05,4.52413084,2.827581775,0.1735107,1.375232954,0.019278967,0.160658055,0.301526718,34.25545614,0.532378414,1.497754185,3.37,7.558866445,12.55627288,6.900860153,3.777050717,5.740556865,6.08487188,7.570771045,7.255645779,6.005517396,7.287143871,8.667327965,5.949072066,5.101573364,5.047659676,7.540388177,6.484151623,5.467477493,5.632987283,6.956509799,5.303593543,5.969673974,7.476036675,2.878256134,8.891991683,6.864891501,6.600629273,8.095727841,4.318412186,5.394396127,6.521817958,6.608793115,8.183739963,8.57719267,6.555827653,-0.367887562,8.435398021,6.51422024,6.067256625,6.311383378,11.98405753,8.67209269,5.216397468,7.095231817,7.307160101,6.543193178,6.263927546,6.08974993,5.046144831,5.933427769,6.203678875
Ofav_101,Ofav,Control,0.95,101,8.745,massive,spawner,generalist,0,0,0.28436019,0.10531859,0,5.68720379,0.10531859,0.18957346,0.754770992,5.351131095,0.261494444,0.612020717,0.58,,,,,,,,,,,,,,,,,,,,,,,,,,,,,,,,,,,,,,,,,,,,,,,,,,
Ofav_102,Ofav,Infected,1,102,8.745,massive,spawner,generalist,6,3.33,1.994071679,1.149735022,0,6.341507231,0.080840744,0.152699183,0.554389313,16.18286466,0.417718996,1.56405752,1.79,9.236958131,12.2862103,5.745502769,2.56392855,5.918403693,6.135454548,8.314981263,7.180173053,6.40990894,7.79824967,8.364799269,5.413798849,5.436520395,5.807024516,7.329781487,6.590592058,6.206606706,5.954223232,6.57854656,2.183145029,5.686536822,7.865079697,5.650057529,8.651648432,6.447757,7.895851741,7.539911652,4.556437431,6.122374725,6.966763227,0.086905711,7.811619375,9.045252566,6.476755331,3.251231155,3.126271565,7.030168721,5.420722778,6.624627184,11.6834362,8.41782816,5.111972395,1.56176647,7.524572837,6.374560626,7.126987922,6.228671009,6.008082397,7.617114808,6.31866182
Ofav_103,Ofav,Control,0.95,103,8.745,massive,spawner,generalist,0,0,0.117843465,0.058921732,0.019640577,1.983698321,0.049101444,0,1.107824427,13.02916287,0.28505372,1.257914479,0.7,9.599947943,12.59061946,5.79216304,4.070285103,6.207359508,6.602940222,8.165884216,7.268385346,6.250718943,7.356869868,8.071177701,4.857154847,5.335152811,7.0370002,6.51190002,5.83092186,6.033665485,6.671324555,7.063712106,6.423505648,6.318136428,7.425554316,6.371267509,7.752618193,5.438490206,7.922207922,6.834830556,4.61097797,6.239533464,7.476769456,0.130456442,7.800439648,8.41921929,6.170241297,2.272130154,4.32380307,7.196475094,6.051710487,5.825853239,12.29806625,7.74552474,3.734869574,2.840366738,7.490058582,3.713468907,8.24159542,5.667053976,6.950075725,8.381070614,6.673587542
Ofav_104,Ofav,Infected,1,104,8.745,massive,spawner,generalist,6,2.22,7.8782453,2.859221128,0.867278424,1.230975828,0.553939123,0,0.659351145,17.47283759,0.307319674,0.727988423,0.79,8.290140369,13.11799104,6.557387808,5.408954493,5.524682792,7.141642144,6.995014641,6.881473502,6.611942049,6.641650412,8.232189744,4.648105886,5.647051558,4.426263808,7.282646373,4.947915347,6.83664339,5.078001449,6.822412423,7.043428742,5.733321774,6.739896584,2.369042008,9.437016402,6.099974407,7.688556844,7.847692828,3.928578604,5.737360021,6.269653657,-0.951159922,8.75892127,8.414812369,5.816709533,2.470558178,2.918499098,6.403537637,5.078563922,3.303501794,12.76228031,8.819848749,2.343837478,5.539973624,6.566246235,6.520218086,6.926492763,6.344473115,5.241431043,2.955384517,6.719388467
Ofav_105,Ofav,Control,0.95,105,8.745,massive,spawner,generalist,0,0,0.1251926,0.07896764,0.04429892,0.40061633,0.0866718,0,0.740458015,13.18932404,0.284319045,1.198909212,1,8.536165936,11.35678848,6.181616681,3.241395082,4.835015414,6.070944995,7.968353361,7.419058948,5.505064016,7.038459482,7.878022775,5.932412487,4.505248609,5.266737444,6.368020594,6.465836717,5.788994883,6.205798519,6.727981393,5.335924385,6.142277332,7.260237857,6.136401574,7.406829675,5.767201821,6.250063697,6.631884283,4.470240278,5.504238055,7.254491756,-1.217703761,7.642826585,8.967981273,5.897813218,7.495686121,6.934243775,6.70396494,4.563186473,6.315878967,11.31877704,7.237263884,4.157410653,0.92520799,7.455921561,3.723844524,7.864402329,4.965753508,6.064773898,4.80188288,6.216038807
Ofav_106,Ofav,Infected,1,106,8.745,massive,spawner,generalist,5,1.97,4.342584518,2.005848253,0.687426256,0.866977889,0.066690607,0.174421587,0.430343511,25.5401701,0.302695764,0.629654531,1.08,7.664907438,11.46689771,5.989871747,4.509912813,5.125296228,5.2051631,6.841489194,7.326023268,5.228083795,5.745843639,8.29244792,5.659470124,5.516338688,2.078668603,7.441959359,5.655798481,4.227533203,6.14903635,6.566496167,6.218542558,6.877446527,6.730783625,-0.507223358,9.432159281,5.757560336,5.485099451,7.888698103,2.471081772,5.635027171,5.872108764,1.27968567,8.831343122,8.528842545,5.846577896,7.421042721,3.877446046,6.415217031,6.964074857,4.003396376,12.9916793,7.879802352,3.748106513,2.988438751,6.865516042,5.87250001,5.273619072,6.216469565,2.935458433,4.541667724,5.566645152
Ofav_107,Ofav,Control,0.95,107,8.745,massive,spawner,generalist,0,0,0.45342661,0.285011012,0.051820184,2.092239927,0.12955046,0,0.583015267,11.29988724,0.27082436,0.942818225,1.04,8.974436069,11.8199824,5.627512494,4.057344173,5.385810401,6.921830387,8.172368452,7.883711165,5.817369473,7.069426095,8.135438531,5.417191409,6.59768373,5.968384158,6.644541451,5.938347164,6.865873253,6.280692085,6.918536916,4.260082611,5.105894873,7.27790045,3.25217059,8.511201079,5.627725308,7.013201358,7.10907351,4.478458857,4.996702577,7.201033608,-0.8790805,8.017166436,9.242802369,6.106114121,8.54938372,4.558746147,6.805815915,6.030699185,6.937055359,12.01263894,7.753301738,3.690041068,3.482635225,7.204268392,6.626058032,7.555017326,5.682064384,5.410144595,7.482956808,6.392361281
Ofav_108,Ofav,Infected,1,108,8.745,massive,spawner,generalist,6,2.64,3.095428587,10.66295142,28.67823544,0.579358292,0.135183601,0.002758849,0.654580153,3.691994011,0.295488722,0.512517634,0.62,6.869322052,11.74493136,6.404378341,5.058005227,6.181798941,6.750360305,6.507051513,7.662495737,6.439434662,6.881425819,8.407489905,4.275771503,6.086778721,4.179967082,7.252756946,4.997741727,6.729677185,5.564772873,7.223959049,6.639595294,6.326091326,6.87236467,5.006988322,9.46147376,5.855317858,6.568329648,8.25096328,3.338346119,4.94129139,5.830031827,-0.664660254,8.852412817,7.551907826,5.684308286,8.011342992,4.788452087,6.317276841,7.5404207,1.690711489,12.84773828,8.788100911,4.096245261,4.773474961,6.624874998,8.461872749,3.790465809,6.642550706,4.066683302,5.761978903,6.29260107
Past_109,Past,Control,0.1,109,3.721,massive,brooder,weedy,0,0,0.01190025,0.01278175,0.0026445,0.11195049,0.0008815,10.0742223,0.120229008,9.912751044,3.622472849,0.622467998,17.65,9.692324272,12.56155278,4.535134642,4.839636113,6.169045413,4.547559467,8.752963812,8.281822413,6.526995216,5.934228678,9.076465048,4.945358291,5.398558232,4.13629843,7.65347905,7.333132614,7.103598266,4.43881406,6.773756418,6.996193402,6.88289945,7.863654204,7.055952536,8.734951517,2.352760065,6.075023865,7.422194494,7.264288283,4.025432702,6.057883882,7.413466335,7.876908769,10.19629827,7.598893186,6.65105213,4.80266918,6.970291865,6.669438493,5.752554721,11.87638754,6.535799415,7.236921028,6.200371257,8.079698442,3.755412141,5.058189216,6.238655993,6.143339484,5.507081943,6.010201521
Past_110,Past,Infected,0.2,110,3.721,massive,brooder,weedy,6,1.73,1.244506099,0.620252236,0.087368863,0.053355031,0.000666938,0.327466503,0.125,8.739868287,4.410526316,2.188387097,26.4,9.969122024,12.40604057,4.327190643,4.535035395,6.548480782,4.985924577,8.176980631,8.668564061,10.04161414,6.657974042,9.638798461,5.6193957,6.589664793,7.058737682,7.543691407,8.290276566,7.239174628,5.522281284,6.624448237,6.266001907,6.706107797,8.668836935,6.200366846,9.198269936,3.203660175,8.08284616,7.880247368,6.662051458,2.610461844,5.809273747,5.598628684,8.544274775,9.972394856,7.941955319,8.011832897,8.253527598,6.132360716,6.268297043,4.013989424,11.96360153,7.719387275,7.511222364,5.928742497,7.243917543,5.543537042,6.957288958,5.954335673,7.73514073,4.94282627,5.567906242
Past_111,Past,Control,0.1,111,3.721,massive,brooder,weedy,0,0,0.04376128,0.01094032,0,0.19145561,0.03829112,39.89934905,0.272900763,11.64574948,0.376076555,0,0.69,9.943901008,12.78991441,6.207518694,5.886207612,5.792747805,5.653608971,9.320555984,8.523324691,5.150404512,6.134025488,9.817706472,5.66634025,2.898408631,7.237630003,6.980375277,7.91964547,6.866148901,5.406606107,7.459407527,6.099024002,8.232338633,8.228669113,6.998132688,8.811457653,3.891414673,7.489906999,6.783445206,6.618875856,3.528832142,6.488212409,8.224011101,8.259874786,12.27763675,7.776560069,3.221128653,6.414966112,6.405299739,2.771279346,5.65873664,12.42800464,8.326233542,7.029488263,5.556986756,7.781050449,4.51095728,7.342350467,4.903135232,4.032828267,4.735757837,5.395411891
Past_112,Past,Exposed,0.15,112,3.721,massive,brooder,weedy,0,0,0.489542424,0.311443967,0.048406247,0.083112613,0.004566627,61.41839437,0.268129771,6.420358327,1.683199101,0.268114207,3.64,10.42503109,12.54109615,5.890043159,3.10554867,6.187769082,8.086990532,9.047395835,8.642504025,4.739984447,6.76762593,9.352323677,7.735316996,4.34084038,7.461656756,7.437898573,8.513698023,6.888838585,7.634835601,7.830017414,6.382245096,6.862757989,8.336978917,6.945913425,8.411601376,4.222889822,8.291581833,6.528274374,6.643550267,2.517182338,6.32901116,6.825436011,9.473352183,10.67030369,8.193354866,2.989980868,8.731200528,6.18967508,7.432567441,8.23635383,12.13833064,9.182270935,7.272131414,6.141128575,7.732638793,4.870576829,6.766342341,4.648170748,3.395973362,4.566790886,5.339556518
Past_113,Past,Control,0.1,113,3.721,massive,brooder,weedy,0,0,0.124732961,0.121287299,0.022741369,0.106815519,0.00275653,49.99379781,0.158396947,4.807087103,3.88763475,0.395669313,13.52,,,,,,,,,,,,,,,,,,,,,,,,,,,,,,,,,,,,,,,,,,,,,,,,,,
Past_114,Past,Exposed,0.15,114,3.721,massive,brooder,weedy,0,0,0.585166673,0.503912491,0.118125828,0.077840141,0.006145274,70.7478116,0.201335878,5.42617415,2.770965328,0.759901282,8.77,,,,,,,,,,,,,,,,,,,,,,,,,,,,,,,,,,,,,,,,,,,,,,,,,,
Past_115,Past,Control,0.1,115,3.721,massive,brooder,weedy,0,0,0.150201952,0.073207674,0.026506227,0.100976102,0.001262201,46.41366543,0.449427481,3.75674323,1.326248743,0.143551812,1.64,,,,,,,,,,,,,,,,,,,,,,,,,,,,,,,,,,,,,,,,,,,,,,,,,,
Past_116,Past,Exposed,0.15,116,3.721,massive,brooder,weedy,0,0,1.197232997,0.894820269,0.056976311,0.099343311,0.005113259,70.55493466,0.349236641,3.696968627,1.100143802,0.015834404,1.6,,,,,,,,,,,,,,,,,,,,,,,,,,,,,,,,,,,,,,,,,,,,,,,,,,
Past_117,Past,Control,0.1,117,3.721,massive,brooder,weedy,0,0,1.815259525,0.673449648,0.609450113,0.171635115,0.004363605,0.658904299,0.167938931,9.462171451,3.400358852,0.021952241,10.19,7.84788697,11.851183,5.714836589,3.88839866,6.664656502,6.715685079,8.231254833,8.003739018,5.081237792,4.097930836,9.215969859,7.346049196,2.690358216,5.482559384,6.653149405,7.812054481,5.842586254,8.402100779,7.131854508,6.563136934,7.224437848,7.085362048,7.523263178,8.182085195,4.19932506,7.333848662,8.444864556,6.890912179,4.636233727,5.751750822,4.487855336,7.191004248,9.755444702,8.38021224,6.527445285,8.091526596,5.514507248,5.599393117,5.812971445,11.60909183,7.453251629,6.760375874,1.053622335,7.663220782,4.246671693,6.156547438,6.017988887,4.167381587,5.504853108,5.527803767
Past_118,Past,Exposed,0.15,118,3.721,massive,brooder,weedy,0,0,4.503762063,2.651986518,0.54391271,0.084059237,0.008241102,0.518365295,0.229961832,10.94104472,2.666346364,0,5.8,5.866101094,12.63049012,5.131225398,5.858879292,7.342560009,4.870568713,8.060824217,7.769899156,7.483089993,5.280108307,9.890625965,5.311703254,5.103738568,5.03225524,7.684600028,6.301706362,6.867949885,8.060722303,6.719379331,7.087607277,5.847102858,7.591690967,6.866278543,10.05973441,4.486518203,6.117263136,10.56922866,6.203247694,4.631607575,5.073313352,3.226016271,7.562920912,9.308851305,6.746144725,3.080132759,7.91512636,6.182046049,3.820022301,3.624458264,12.26618409,6.920165634,8.329097092,2.289123151,7.312035613,5.657062173,6.223228049,6.065421955,4.570026594,5.148916313,4.682555177
Ppor_119,Ppor,Control,0.1,119,21.26,branching_closed,brooder,weedy,0,0,1.671109864,0.818015996,0.378841027,0.378841027,0.004209345,0.200645433,0.530534351,6.926445649,1.006929193,3.560621954,4.3,8.694539431,12.15866738,6.456954695,3.150879487,5.737150959,5.220359425,8.267962264,7.670754659,6.105892475,6.808646314,8.090779571,5.384401319,5.169179649,7.023348836,6.568247506,6.463662995,5.164210244,6.686481281,6.692443304,7.942406856,6.29754605,8.027521073,7.746939145,7.826210035,8.288681481,6.430317785,6.509598417,5.141144982,6.948155485,7.178076684,7.088728732,7.579701564,7.644404764,6.533521345,7.088682442,6.787313215,9.940172655,5.472947203,4.809591138,11.48958524,8.920691346,8.119317017,5.534050533,7.434604428,5.571723719,8.47141471,5.677840808,3.587961874,8.472029823,7.148007273
Ppor_120,Ppor,Infected,0.2,120,21.26,branching_closed,brooder,weedy,6,1.25,0.166303702,0.1214281,0.187421633,0.447436151,0.001319871,0.176862667,0.46851145,3.321074433,0.848150927,0.118032418,1.03,4.764643836,11.869255,6.570288102,3.211263281,5.285303634,4.167936543,7.690090161,8.034228565,5.682758907,7.214434004,8.283777728,5.181119062,4.451680097,4.831171507,6.662390795,6.951045568,6.547914488,7.802959609,6.496905364,5.563470319,4.371007937,5.738069369,3.470449643,9.461478925,3.731349608,6.947074532,7.446333792,5.726442379,7.346707285,6.222549105,7.276890402,7.728146573,8.12428159,6.303779061,6.91640007,-0.304207769,8.053108595,5.238977408,5.103058622,11.80424547,9.293927706,1.837084531,6.874523907,2.430240584,0.285008594,9.326128964,-0.717202163,3.425067253,8.57518732,7.565960443
Ppor_121,Ppor,Control,0.1,121,21.26,branching_closed,brooder,weedy,0,0,1.125309937,2.290233131,0.120306929,0.526709605,0.002934315,0.234745228,0.654580153,4.501198178,0.894506675,0.055194207,0.73,7.796218508,12.04220169,6.755233251,3.976686774,5.803092773,4.600625129,8.641284028,7.701481044,7.008347075,7.469716001,8.616501483,5.659899192,5.405018369,-0.558685301,7.826758084,6.682767273,5.045193537,5.951487204,6.753324537,4.822553653,0.477762167,-0.100186549,-0.597579672,8.886395643,-0.501481909,6.792084149,5.794003987,6.56572982,6.245480411,5.954107127,-1.040342052,7.603040184,8.907971279,5.977197614,5.786979711,-0.950104215,0.025274236,6.363621487,4.866307788,11.61586637,9.404864561,-0.580098959,6.264099709,-0.211421795,5.720996075,8.499202497,5.763629928,4.1544316,8.727456069,7.837255256
Ppor_122,Ppor,Exposed,0.15,122,21.26,branching_closed,brooder,weedy,0,0,4.044765495,3.425097151,2.825267531,0.156375815,0.004667935,0.204222147,0.344465649,6.727490321,1.455343345,0.454855305,2.77,7.1298174,12.51322433,7.168317035,3.999519262,5.45047737,5.237523193,7.364909076,7.367103813,5.653171601,6.917600742,8.356941893,4.734192174,5.441869838,3.485200323,6.115474729,6.459494134,5.76219711,5.905212051,6.173477937,4.356116604,-0.32606817,0.603507193,-0.624723668,10.45332661,-0.526640251,6.348071913,7.55596864,5.768930518,6.045168681,5.508394977,5.666454995,8.130969482,8.038995246,5.68189486,5.375159142,-0.978316968,5.921676897,10.1223746,5.184030374,11.77681395,9.014149094,-0.604640725,6.686354659,-0.235640964,5.264585142,9.580195387,5.500605466,4.662534712,7.73334172,8.212721721
Ppor_123,Ppor,Control,0.1,123,21.26,branching_closed,brooder,weedy,0,0,0.08271562,0.00954411,0.00636274,3.69038908,0.03817644,0.24814685,0.291984733,4.648626715,1.698899209,0.700749977,4.11,8.735159611,12.60259306,5.480434932,5.378024124,4.934313833,4.430681157,7.760754369,6.695265394,3.959052205,6.660912776,8.657785931,2.943554598,5.874482644,7.574813723,6.604715461,5.722408048,3.632523296,6.163779784,5.445877751,6.513961751,7.49275318,8.291174245,8.069799195,7.951943197,8.601796441,5.994992906,6.700231254,4.764589426,2.752623236,6.85989343,3.567337007,7.106083403,8.661650121,5.433014743,3.706267411,6.883808375,10.63561381,5.748542275,3.933217815,11.89108244,8.458578275,8.865355095,5.94401192,7.871336548,5.968549809,9.399284351,-0.2549697,3.758268771,8.79794484,7.08447667
Ppor_124,Ppor,Exposed,0.15,124,21.26,branching_closed,brooder,weedy,0,0,2.667203278,1.72252305,0.08268696,0.130250256,0.004390458,0.188057954,0.187022901,5.841442579,2.511654135,1.636113985,11.09,6.517463436,12.66216099,5.349760263,3.844845546,3.480684273,3.997619899,6.187913024,7.186499314,5.104272561,5.882597803,8.524643819,2.947840626,3.586709145,7.283002154,5.189108673,5.668344935,5.63772242,1.170706393,5.14380906,7.2903599,6.470727192,7.663831044,6.792512822,9.698431707,7.34894772,4.76081402,7.158824864,2.206949559,1.690510778,5.993560176,2.661537447,7.633083443,7.7739112,2.928626468,2.633610356,6.962392162,10.05208053,10.16363303,3.655375907,12.22942686,8.663036674,8.839077402,7.635272364,7.365382537,-0.538563078,9.681257452,-0.252324126,4.904530592,6.965661156,7.134449112
Ppor_125,Ppor,Control,0.1,125,21.26,branching_closed,brooder,weedy,0,0,0.079359081,0.086917089,0.022674023,2.800241856,0,0.143602146,0.291984733,3.514815321,1.698899209,0.138887383,3.15,9.096939713,12.57735373,4.195821095,3.557930345,4.075466737,6.563650068,7.064066018,8.23347027,4.150900684,8.168916315,7.963434521,3.981982698,3.707923161,5.741377991,6.024479868,4.375354541,3.974544243,4.044898416,4.399361531,6.656380902,6.638801511,7.637354536,7.120700139,8.616905586,8.657411723,7.694473841,4.36675352,5.752122898,3.809270727,6.039493776,3.691379588,4.741741165,5.334736499,4.254571412,4.211902194,6.97482128,11.28669758,4.14904162,3.66100074,12.00124241,9.381017849,4.000803814,3.823921241,8.107065193,3.748711559,8.057871875,3.974749751,7.062072506,9.019007663,8.651850485
Ppor_126,Ppor,Exposed,0.15,126,21.26,branching_closed,brooder,weedy,0,0,4.719002284,3.128502717,0.117762234,0.363218456,0.009931755,0.231268001,1.050572519,2.079787004,0.528533869,0.185985928,0.34,8.085404757,12.38450269,6.917957194,1.950435231,6.052721837,4.438459908,7.824806897,7.377847914,6.182137327,6.939512276,8.064954226,4.957381281,5.798488923,7.212964736,7.207598799,6.374878601,4.775319591,6.4927089,6.562230761,7.66298642,6.738642571,8.159334685,8.070092046,7.894502126,8.690322919,6.49166834,6.718228629,6.867499374,6.80346588,6.902203719,6.670864852,7.355589558,8.03812979,5.652883363,6.695821973,7.161576503,10.2199017,7.284314171,3.934129527,11.69094969,8.524146198,8.460156423,4.914545211,7.849167509,4.864762065,8.804686653,6.122824734,5.982992666,8.369891965,8.769156984
Ppor_127,Ppor,Control,0.1,127,21.26,branching_closed,brooder,weedy,0,0,0.40422054,0.26155447,0.21994353,0.39530391,0.00297221,0.12780502,0.311068702,7.55619213,1.256280271,0.189624268,2.32,7.576644262,12.38757521,6.959326912,1.995974434,5.953639939,4.805687909,7.597527544,7.322687237,5.89771492,7.090585124,8.283455761,5.008717685,5.326081146,7.151137801,7.117090893,6.669942772,3.642803379,2.49656642,6.793646885,7.888421504,6.80578452,8.441738767,8.042572264,8.267830545,8.852257969,6.347872314,6.513608431,6.692015948,6.885758838,6.807870134,7.224045799,7.439711812,8.210703667,5.713585548,7.017170165,7.106766963,10.47179509,7.736166525,3.576382904,11.89899468,8.718347244,8.881956813,-0.582355129,8.126046382,5.358891457,8.964905905,6.330546824,6.575787502,8.584771989,9.377811903
Ppor_128,Ppor,Exposed,0.15,128,21.26,branching_closed,brooder,weedy,0,0,1.461300662,1.883285603,0.360346691,0.067327934,0,1.256472016,0.501908397,6.529977636,1.853452071,0.71983319,2.56,8.226269059,12.94931691,7.074499275,2.690506443,5.62582697,5.186949806,7.692058346,7.479281581,5.314603398,6.629463991,8.140326444,4.421169854,5.725489059,6.154530945,6.430008375,6.71208571,6.013794764,2.468817531,6.179369674,7.46631278,5.475458604,7.564233017,6.497552073,8.231028413,6.842750932,6.989071288,3.652105633,5.261753748,6.753521758,6.553627164,6.014661052,7.743963457,8.361216353,5.444709061,7.217302122,6.145985127,9.398940968,8.028022907,4.646809069,11.79224495,9.353719891,7.747405724,5.305113467,7.015714964,5.066673794,8.69367986,5.125865822,3.981916426,8.269777046,8.42075746
Ssid_129,Ssid,Control,0.5,129,5.792,massive,spawner,stress_tolerant,0,0,0.239988706,0.125876429,0.241165122,13.93463837,0.067055668,0.189402852,0.191793893,10.70182575,3.876145588,1.662691153,14.44,7.708328129,13.85929623,7.718510078,6.378459686,6.465277899,7.385353875,10.27348575,7.195102223,6.073983356,8.508744927,8.760059083,5.529603374,0.447877,2.594686221,7.298105712,7.457970351,5.159673423,5.258216769,10.03409552,6.541898575,6.437854173,4.558368368,3.58856568,9.586173664,4.268283335,6.700922561,7.052400663,5.189817253,5.43340222,6.615336988,4.741424904,7.728814301,10.13660065,5.118468209,8.557880298,6.343365319,7.18027003,4.907806847,5.211949374,11.38007706,7.818133601,4.346648147,6.211073791,7.961960472,7.046417639,8.559867299,4.447762116,7.878383401,7.840504363,6.501668006
Ssid_130,Ssid,Infected,0.6,130,5.792,massive,spawner,stress_tolerant,4,1.3,0.70014839,0.626301893,0.772601556,3.284079113,0.062003191,0.156749639,0.177480916,41.78277859,3.380645161,0.903582578,12.07,,,,,,,,,,,,,,,,,,,,,,,,,,,,,,,,,,,,,,,,,,,,,,,,,,
Ssid_131,Ssid,Control,0.5,131,5.792,massive,spawner,stress_tolerant,0,0,0.344558479,0.66261246,0.013252249,46.4255739,2.015814351,0.178169128,0.177480916,13.6167091,0.963780419,0.135018086,3.1,9.079703441,12.54476223,6.812788216,2.331484706,7.329892987,3.709296798,7.585273347,8.08534503,4.384163698,8.498124188,9.020261683,5.858103301,4.664179764,3.838923957,6.970034671,7.186026897,5.410632085,6.829565274,4.884572481,6.245579278,6.142725518,5.768975212,3.112132136,9.486610028,3.677591287,5.82839825,6.930829262,6.974861152,6.765731804,6.742041526,6.733274417,8.412935512,6.390465471,6.580727487,4.758761476,0.550908834,6.623048493,6.247854278,5.609218093,11.4059841,8.222285713,5.426623486,1.860188978,5.904862542,4.59684844,8.84477137,5.808113434,4.023143458,2.909171241,5.385423609
Ssid_132,Ssid,Infected,0.6,132,5.792,massive,spawner,stress_tolerant,3,1.62,0.293887521,0.17938589,0.009541803,55.98557279,0.328238011,0.206102937,0.210877863,41.60215653,0.748749702,0.244752591,2.36,10.55142432,12.002113,7.008065104,4.383561016,7.332808503,4.127319009,8.189654297,8.273691973,0.757302652,8.308446746,10.33079814,5.518199865,4.009149155,4.281588819,7.433807952,7.257336877,4.984701687,6.565184134,3.356850903,5.370403511,5.48908994,6.656481873,3.688619645,10.22540489,4.800551462,6.363139572,5.790709714,6.873207931,6.759225977,6.668510898,5.879614844,8.172093246,7.254162323,4.761200641,4.872546322,0.288418383,7.42749691,7.326239651,3.609630595,10.73381284,7.384528826,5.788884214,3.53177758,4.854094876,4.318239063,8.509377488,4.604566005,6.647574088,4.002369938,5.48034409
Ssid_133,Ssid,Control,0.5,133,5.792,massive,spawner,stress_tolerant,0,0,0.689741826,0.831922548,0.162681198,7.310073008,0.095228018,0.218230875,0.129770992,11.73494793,0.598219814,0.142043914,2.85,9.348353069,12.78444458,7.042029993,6.034737976,1.134200168,2.919275576,8.148148648,7.42327863,6.435024354,6.475984533,8.77042632,6.715091439,0.603202558,8.03040426,7.052809207,7.034695883,5.564652822,6.122540375,10.72181433,6.488046522,6.164873301,7.469999393,5.38986666,8.97554029,6.927589244,7.120267677,7.309079388,5.648928676,4.581739945,8.698379768,5.370468291,8.323021436,9.067357524,6.890896192,3.65751309,6.696932425,7.79384529,6.891527257,0.550809072,11.25393721,7.407568428,5.581053649,4.350836353,5.787598697,6.569608462,8.891732284,6.000320697,6.63606271,9.084352104,6.690638932
Ssid_134,Ssid,Infected,0.6,134,5.792,massive,spawner,stress_tolerant,4,0.57,3.696644023,2.438406164,0.183514144,7.973233296,0.012166684,0.230153097,0.220419847,21.02704767,0.232809296,0.250882758,1.1,9.979649526,12.82608606,6.372608081,7.265691475,4.094505835,1.891080014,7.675750271,6.961395379,5.956761182,7.197424879,9.31392363,6.108060396,0.241474321,8.504843987,6.453069349,6.764742214,5.208135353,5.104340043,10.30455529,5.388745726,5.890321523,4.798018229,5.069499217,9.078277175,7.480048615,7.180343612,6.835020725,5.688779333,5.433504209,7.767694456,5.313001491,8.564655385,9.670682662,5.706498345,3.581679008,6.265274767,6.414585161,6.384586069,0.187192089,11.37580071,6.691754561,5.764296699,3.120346704,5.239799504,5.403432723,9.208288728,6.026364914,6.46510006,8.729543493,4.79303784
Ssid_135,Ssid,Control,0.5,135,5.792,massive,spawner,stress_tolerant,0,0,2.115384615,1.215349965,0.446985447,14.05751906,0.151593902,0.186243936,0.215648855,15.96566982,0.335584537,0.341911015,1.57,7.936413425,13.66390974,5.895943434,6.825828852,8.29350343,4.597757389,11.17255073,8.822525161,7.346286981,8.846480484,10.63027241,6.105926483,0.992695442,8.910845741,7.553301878,9.36433719,5.252995975,7.398836371,12.05746519,3.854836471,6.860020572,6.645821324,4.123107663,8.47434136,6.265385719,7.620253102,8.10244617,6.881201921,1.142188555,7.840746604,6.925084215,8.280924944,10.84282738,8.354995345,9.319833611,6.196832648,2.99819707,5.80655245,5.283163773,12.25092646,7.7362876,4.728705906,3.966323645,7.153833956,5.233163079,8.946334137,4.534690458,6.828784984,3.979744703,6.241655911
Ssid_136,Ssid,Exposed,0.55,136,5.792,massive,spawner,stress_tolerant,0,0,4.922469553,2.233423134,3.436417584,0.415895914,0.008690362,0.235881265,0.196564885,48.84195296,3.246550843,1.687978167,12.55,7.35309462,13.73994211,5.819826654,6.145474032,7.281856384,4.922807526,10.58744485,7.907467229,7.535738534,8.576279103,9.671147535,4.87216803,0.810039658,8.520738311,7.271673215,8.44282077,4.447019255,6.885949254,11.70960405,6.026058489,6.015938133,4.965804451,4.112246103,8.495220891,6.221226508,7.255570982,8.150674012,6.014368384,0.96442879,5.929478674,5.742432068,8.341742584,9.854353593,6.126808003,9.218439321,4.352448018,1.614536784,6.890885741,5.337569134,12.23169352,7.483348441,5.840256875,5.445100701,6.979535534,5.454894123,9.213499763,5.972899347,6.883250523,4.653980901,5.639535694
Ssid_137,Ssid,Control,0.5,137,5.792,massive,spawner,stress_tolerant,0,0,1.213907051,0.473590039,0.24278141,7.164379644,0.017959173,0.175600801,0.158396947,18.18332948,0.598097654,0.337482649,2.95,6.936527672,13.52013173,6.066162883,0.413299771,8.072388894,8.388927697,5.924389233,8.288842762,6.42245099,7.926468581,9.098617088,5.918909397,8.406259525,6.105393939,7.323718243,7.763324275,4.542523264,7.522822647,4.157396195,5.869355698,5.161792918,4.631683977,6.816844768,8.844871137,6.612508064,7.190689714,7.989576941,6.617533649,7.131864408,5.894368701,0.610865899,9.402028657,9.659870261,5.305990827,6.965813598,3.755832119,6.570594876,5.399419826,5.87326218,12.24478048,6.476884844,5.167401026,4.315167929,2.52658047,3.72750708,9.959859267,5.949103571,6.745062794,8.910011234,7.049960822
Ssid_138,Ssid,Exposed,0.55,138,5.792,massive,spawner,stress_tolerant,0,0,2.060592763,0.789406323,0.281114585,2.917649425,0.015998391,0.232662315,0.20610687,37.10397787,0.280896686,0.178870114,1.12,8.25209602,13.39807521,5.797934639,3.123535147,7.419094011,8.599076991,7.775369627,8.515697166,6.146491176,7.698075605,10.34399663,5.373281885,8.644735775,6.420343301,7.330796668,8.145713983,4.578197534,5.102644025,5.124609183,5.944285094,5.50147122,4.797853765,6.659563782,8.870037691,7.780783355,8.211795181,6.969498805,6.648237403,6.780979369,6.479875504,0.269704363,8.804083518,10.01494195,6.139408047,6.73831177,3.819780225,6.556197998,4.753619506,5.483273351,11.87659053,6.351638099,5.592063294,0.372001903,4.368389097,1.66824031,10.48631246,4.398707372,7.017405573,8.701033378,5.151992484